Layers,Original (MB),Quantized (MB)
1,0.922108,0.24206
2,1.718266,0.45079
3,2.514808,0.659584
4,3.31135,0.868378
5,4.107892,1.077172
6,4.90437,1.285972
7,5.700912,1.494783
8,6.49739,1.703594
9,7.293933,1.912405
10,8.090486,2.121216
