Layers,Time (s)
1,493.48932552337646
2,625.0236730575562
3,718.0778934955597
4,880.1553385257721
5,1309.2272334098816
6,1512.6172425746918
7,1662.1520011425018
8,1976.140071630478
9,2308.152947664261
10,2465.9450674057007
