Layers,Time (s)
1,400.4978070259094
2,537.5105862617493
3,741.8299593925476
4,992.9635224342346
5,1285.9056222438812
6,1506.942393541336
7,1947.3092517852783
8,2305.2695755958557
9,2676.7802691459656
10,2612.015510559082
