Layers,Time (s)
1,357.10695719718933
2,512.6803133487701
3,782.9049005508423
4,976.7933599948883
5,1189.0953629016876
6,1518.1818611621857
7,1791.5920565128326
8,2033.210001707077
9,2422.8265159130096
10,2475.1466455459595
