Layers,Time (s)
1,756.767050743103
2,569.2699127197266
3,867.2300579547882
4,1106.879219532013
5,1240.6830914020538
6,1565.2993671894073
7,1546.7591586112976
8,1854.3374066352844
9,2326.8796129226685
10,2816.4577944278717