Layers,Time (s)
1,251.87567520141602
2,567.9181115627289
3,855.4195082187653
4,948.5008170604706
5,1152.0153419971466
6,1515.5584795475006
7,1824.6579012870789
8,1871.6902379989624
9,2564.3042442798615
10,2193.029832839966
