Layers,Time (s)
1,359.90348505973816
2,534.6420655250549
3,742.0374507904053
4,878.8643426895142
5,998.014458656311
6,1224.890554189682
7,1470.4719557762146
8,1560.1704885959625
9,1675.8983528614044
10,1816.703733921051
