Layers,Time (s)
1,459.30379939079285
2,513.9287145137787
3,736.802768945694
4,870.2138473987579
5,1073.7203497886658
6,1202.3100113868713
7,1367.3896374702454
8,1717.44588804245
9,1732.3228607177734
10,1868.576791524887
