Layers,Time (s)
1,533.1634521484375
2,561.3493225574493
3,690.8837752342224
4,831.5316653251648
5,1007.5474345684052
6,1184.4883754253387
7,1376.5702855587006
8,1964.992020368576
9,1861.8715498447418
10,2273.8510732650757
